,Gas Monthly Avg,month_year,Crude_Oil_Price,M/M Change,Avg_Airfare,U.S. Average (Inflation-Adjusted $),Recession,Adj Month,Adj Year,Unemployment,UE M/M,Inflation Rate,Inflation M/M,Year,Month,Average of Wheat Value,Average of Soybean Value,date
0,1.2788,01-2000,23.53,0.98,340.23,514.89,0,12,1999,4.0,0.0,2.7,0.0,2000,1,2.584625,4.94775,2000-01-01
1,1.3705,02-2000,25.48,1.95,340.23,514.89,0,1,2000,4.1,0.1,3.2,0.5,2000,2,2.6066,5.06395,2000-02-01
2,1.49825,03-2000,26.19,0.71,340.23,514.89,0,2,2000,4.0,-0.1,3.8,0.6,2000,3,2.6059782609999997,5.238043478,2000-03-01
3,1.4365,04-2000,23.2,-2.99,339.16,507.91,0,3,2000,3.8,-0.2,3.1,-0.7,2000,4,2.540052632,5.377421053,2000-04-01
4,1.4564,05-2000,25.58,2.38,339.16,507.91,0,4,2000,4.0,0.2,3.2,0.1,2000,5,2.75875,5.518068182,2000-05-01
5,1.61175,06-2000,27.62,2.04,339.16,507.91,0,5,2000,4.0,0.0,3.7,0.5,2000,6,2.6986818180000003,5.090022727,2000-06-01
6,1.5288,07-2000,26.81,-0.81,339.0,503.65,0,6,2000,4.0,0.0,3.7,0.0,2000,7,2.497125,4.6105,2000-07-01
7,1.43925,08-2000,27.91,1.1,339.0,503.65,0,7,2000,4.1,0.1,3.4,-0.3,2000,8,2.417913043,4.5861521739999995,2000-08-01
8,1.52525,09-2000,29.72,1.81,339.0,503.65,0,8,2000,3.9,-0.2,3.5,0.1,2000,9,2.583375,4.955875,2000-09-01
9,1.5084,10-2000,29.65,-0.07,340.08,502.55,0,9,2000,3.9,0.0,3.4,-0.1,2000,10,2.643977273,4.734068182,2000-10-01
10,1.49475,11-2000,30.36,0.71,340.08,502.55,0,10,2000,3.9,0.0,3.4,0.0,2000,11,2.5938809519999997,4.86702381,2000-11-01
11,1.41825,12-2000,24.46,-5.9,340.08,502.55,0,11,2000,3.9,0.0,3.4,0.0,2000,12,2.729625,5.0708,2000-12-01
12,1.4274,01-2001,24.64,0.18,347.69,508.92,0,12,2000,4.2,0.3,3.7,0.3,2001,1,2.8213095239999997,4.805119048,2001-01-01
13,1.43125,02-2001,25.27,0.63,347.69,508.92,0,1,2001,4.2,0.0,3.5,-0.2,2001,2,2.659210526,4.557026316,2001-02-01
14,1.3840000000000001,03-2001,22.98,-2.29,347.69,508.92,1,2,2001,4.3,0.1,2.9,-0.6,2001,3,2.7311363639999997,4.4906818180000005,2001-03-01
15,1.5172,04-2001,23.39,0.41,328.67,476.11,1,3,2001,4.4,0.1,3.3,0.4,2001,4,2.661,4.3196,2001-04-01
16,1.65375,05-2001,24.06,0.67,328.67,476.11,1,4,2001,4.3,-0.1,3.6,0.3,2001,5,2.6947727269999997,4.426590909,2001-05-01
17,1.5475,06-2001,23.43,-0.63,328.67,476.11,1,5,2001,4.5,0.2,3.2,-0.4,2001,6,2.584071429,4.62547619,2001-06-01
18,1.3402,07-2001,22.82,-0.61,320.62,463.85,1,6,2001,4.6,0.1,2.7,-0.5,2001,7,2.7835714289999998,5.060666667,2001-07-01
19,1.38625,08-2001,23.08,0.26,320.62,463.85,1,7,2001,4.9,0.3,2.7,0.0,2001,8,2.71326087,4.967043478,2001-08-01
20,1.50625,09-2001,22.37,-0.71,320.62,463.85,1,8,2001,5.0,0.1,2.6,-0.1,2001,9,2.743676471,4.709264706,2001-09-01
21,1.2738,10-2001,18.73,-3.64,299.81,434.96,1,9,2001,5.3,0.3,2.1,-0.5,2001,10,2.803043478,4.378521739,2001-10-01
22,1.1385,11-2001,16.4,-2.33,299.81,434.96,1,10,2001,5.5,0.2,1.9,-0.2,2001,11,2.840761905,4.44,2001-11-01
23,1.072,12-2001,15.54,-0.86,299.81,434.96,0,11,2001,5.7,0.2,1.6,-0.3,2001,12,2.865,4.359052632,2001-12-01
24,1.094,01-2002,15.89,0.35,320.02,462.63,0,12,2001,5.7,0.0,1.1,-0.5,2002,1,2.988571429,4.355714286,2002-01-01
25,1.08975,02-2002,16.93,1.04,320.02,462.63,0,1,2002,5.7,0.0,1.1,0.0,2002,2,2.798921053,4.363894737,2002-02-01
26,1.2205,03-2002,20.28,3.35,320.02,462.63,0,2,2002,5.7,0.0,1.5,0.4,2002,3,2.8085,4.628125,2002-03-01
27,1.3618,04-2002,22.52,2.24,317.93,454.66,0,3,2002,5.9,0.2,1.6,0.1,2002,4,2.714636364,4.6663181819999995,2002-04-01
28,1.35325,05-2002,23.51,0.99,317.93,454.66,0,4,2002,5.8,-0.1,1.2,-0.4,2002,5,2.7398863639999997,4.820454545,2002-05-01
29,1.3405,06-2002,22.59,-0.92,317.93,454.66,0,5,2002,5.8,0.0,1.1,-0.1,2002,6,2.89525,5.037775,2002-06-01
30,1.364,07-2002,23.51,0.92,312.33,444.76,0,6,2002,5.8,0.0,1.5,0.4,2002,7,3.27875,5.584159091,2002-07-01
31,1.358,08-2002,24.76,1.25,312.33,444.76,0,7,2002,5.7,-0.1,1.8,0.3,2002,8,3.479840909,5.606931818,2002-08-01
32,1.3634,09-2002,26.08,1.32,312.33,444.76,0,8,2002,5.7,0.0,1.5,-0.3,2002,9,4.007125,5.645625,2002-09-01
33,1.4269999999999998,10-2002,25.29,-0.79,308.85,438.43,0,9,2002,5.7,0.0,2.0,0.5,2002,10,3.936195652,5.446434783,2002-10-01
34,1.38475,11-2002,23.38,-1.91,308.85,438.43,0,10,2002,5.9,0.2,2.2,0.2,2002,11,3.86295,5.699375,2002-11-01
35,1.3484,12-2002,25.29,1.91,308.85,438.43,0,11,2002,6.0,0.1,2.4,0.2,2002,12,3.507375,5.6629,2002-12-01
36,1.4235,01-2003,28.42,3.13,319.19,448.56,0,12,2002,5.8,-0.2,2.6,0.2,2003,1,3.195119048,5.651190476,2003-01-01
37,1.5819999999999999,02-2003,31.85,3.43,319.19,448.56,0,1,2003,5.9,0.1,3.0,0.4,2003,2,3.256052632,5.703815789,2003-02-01
38,1.636,03-2003,30.1,-1.75,319.19,448.56,0,2,2003,5.9,0.0,3.0,0.0,2003,3,2.970119048,5.716309524,2003-03-01
39,1.517,04-2003,25.45,-4.65,314.52,440.4,0,3,2003,6.0,0.1,2.2,-0.8,2003,4,2.8605714289999997,6.037285713999999,2003-04-01
40,1.43775,05-2003,24.95,-0.5,314.52,440.4,0,4,2003,6.1,0.1,2.1,-0.1,2003,5,3.179047619,6.342261905,2003-05-01
41,1.4516,06-2003,26.84,1.89,314.52,440.4,0,5,2003,6.3,0.2,2.1,0.0,2003,6,3.161238095,6.24752381,2003-06-01
42,1.48025,07-2003,27.52,0.68,315.36,439.42,0,6,2003,6.2,-0.1,2.1,0.0,2003,7,3.276818182,5.767,2003-07-01
43,1.58825,08-2003,27.94,0.42,315.36,439.42,0,7,2003,6.1,-0.1,2.2,0.1,2003,8,3.6368571430000003,5.56302381,2003-08-01
44,1.6162,09-2003,25.23,-2.71,315.36,439.42,0,8,2003,6.1,0.0,2.3,0.1,2003,9,3.5632142860000005,6.235357143,2003-09-01
45,1.5130000000000001,10-2003,26.53,1.3,315.77,439.92,0,9,2003,6.0,-0.1,2.0,-0.3,2003,10,3.485,7.324369565,2003-10-01
46,1.47375,11-2003,27.21,0.68,315.77,439.92,0,10,2003,5.8,-0.2,1.8,-0.2,2003,11,3.856342105,7.638289474,2003-11-01
47,1.4482,12-2003,28.53,1.32,315.77,439.92,0,11,2003,5.7,-0.1,1.9,0.1,2003,12,3.901363636,7.7129318179999995,2003-12-01
48,1.55475,01-2004,30.35,1.82,320.23,442.14,0,12,2003,5.7,0.0,1.9,0.0,2004,1,3.902875,8.211875,2004-01-01
49,1.6145,02-2004,31.21,0.86,320.23,442.14,0,1,2004,5.6,-0.1,1.7,-0.2,2004,2,3.822947368,8.610473684,2004-02-01
50,1.6886,03-2004,32.86,1.65,320.23,442.14,0,2,2004,5.8,0.2,1.7,0.0,2004,3,3.887934783,9.822065217,2004-03-01
51,1.756,04-2004,33.2,0.34,309.45,421.22,0,3,2004,5.6,-0.2,2.3,0.6,2004,4,3.9488809519999997,9.876880952,2004-04-01
52,1.9448,05-2004,35.73,2.53,309.45,421.22,0,4,2004,5.6,0.0,3.1,0.8,2004,5,3.803625,9.350625,2004-05-01
53,1.91025,06-2004,34.53,-1.2,309.45,421.22,0,5,2004,5.6,0.0,3.3,0.2,2004,6,3.5511190480000003,8.637595238,2004-06-01
54,1.86325,07-2004,36.54,2.01,305.41,414.26,0,6,2004,5.5,-0.1,3.0,-0.3,2004,7,3.321904762,7.26497619,2004-07-01
55,1.8416,08-2004,40.1,3.56,305.41,414.26,0,7,2004,5.4,-0.1,2.7,-0.3,2004,8,3.1095,5.924818182,2004-08-01
56,1.8405,09-2004,40.56,0.46,305.41,414.26,0,8,2004,5.4,0.0,2.5,-0.2,2004,9,3.2563095239999997,5.629047619,2004-09-01
57,1.95375,10-2004,46.14,5.58,297.28,400.84,0,9,2004,5.5,0.1,3.2,0.7,2004,10,3.1128571430000003,5.269595238,2004-10-01
58,1.9318,11-2004,42.85,-3.29,297.28,400.84,0,10,2004,5.4,-0.1,3.5,0.3,2004,11,3.045666667,5.328571429,2004-11-01
59,1.7995,12-2004,38.22,-4.63,297.28,400.84,0,11,2004,5.4,0.0,3.3,-0.2,2004,12,3.025952381,5.402761905,2004-12-01
60,1.8106,01-2005,40.18,1.96,301.39,403.84,0,12,2004,5.3,-0.1,3.0,-0.3,2005,1,2.99325,5.26425,2005-01-01
61,1.88625,02-2005,42.19,2.01,301.39,403.84,0,1,2005,5.4,0.1,3.0,0.0,2005,2,3.014342105,5.3841052629999995,2005-02-01
62,2.0625,03-2005,47.56,5.37,301.39,403.84,0,2,2005,5.2,-0.2,3.1,0.1,2005,3,3.442386364,6.375113636,2005-03-01
63,2.2105,04-2005,47.26,-0.3,306.68,405.51,0,3,2005,5.2,0.0,3.5,0.4,2005,4,3.140690476,6.232571429,2005-04-01
64,2.1144,05-2005,44.03,-3.23,306.68,405.51,0,4,2005,5.1,-0.1,2.8,-0.7,2005,5,3.192142857,6.381785713999999,2005-05-01
65,2.12275,06-2005,49.83,5.8,306.68,405.51,0,5,2005,5.0,-0.1,2.5,-0.3,2005,6,3.261295455,6.936931818,2005-06-01
66,2.247,07-2005,53.35,3.52,307.31,401.45,0,6,2005,5.0,0.0,3.2,0.7,2005,7,3.365875,6.9082,2005-07-01
67,2.449,08-2005,58.9,5.55,307.31,401.45,0,7,2005,4.9,-0.1,3.6,0.4,2005,8,3.2025,6.294826087000001,2005-08-01
68,2.8615,09-2005,59.64,0.74,307.31,401.45,0,8,2005,5.0,0.1,4.7,1.1,2005,9,3.2661904760000002,5.8142857139999995,2005-09-01
69,2.6889999999999996,10-2005,56.99,-2.65,314.76,409.11,0,9,2005,5.0,0.0,4.3,-0.4,2005,10,3.344404762,5.7584047620000005,2005-10-01
70,2.2215,11-2005,53.2,-3.79,314.76,409.11,0,10,2005,5.0,0.0,3.5,-0.8,2005,11,3.0809523810000004,5.7882142860000005,2005-11-01
71,2.17375,12-2005,53.24,0.04,314.76,409.11,0,11,2005,4.9,-0.1,3.4,-0.1,2005,12,3.243928571,5.904166667,2005-12-01
72,2.3,01-2006,57.85,4.61,323.34,418.0,0,12,2005,4.7,-0.2,4.0,0.6,2006,1,3.349125,5.872125,2006-01-01
73,2.24925,02-2006,55.69,-2.16,323.34,418.0,0,1,2006,4.8,0.1,3.6,-0.4,2006,2,3.599105263,5.848236842,2006-02-01
74,2.4125,03-2006,55.64,-0.05,323.34,418.0,0,2,2006,4.7,-0.1,3.4,-0.2,2006,3,3.610108696,5.8425,2006-03-01
75,2.71875,04-2006,62.52,6.88,341.58,434.24,0,3,2006,4.7,0.0,3.5,0.1,2006,4,3.5319736839999996,5.700447368,2006-04-01
76,2.8312,05-2006,64.4,1.88,341.58,434.24,0,4,2006,4.6,-0.1,4.2,0.7,2006,5,3.962954545,5.972386364,2006-05-01
77,2.80825,06-2006,64.65,0.25,341.58,434.24,0,5,2006,4.6,0.0,4.3,0.1,2006,6,3.7639090910000004,5.898295455,2006-06-01
78,2.9232,07-2006,67.71,3.06,328.55,415.34,0,6,2006,4.7,0.1,4.1,-0.2,2006,7,3.99325,5.93855,2006-07-01
79,2.90975,08-2006,67.21,-0.5,328.55,415.34,0,7,2006,4.7,0.0,3.8,-0.3,2006,8,3.830869565,5.581304348,2006-08-01
80,2.501,09-2006,59.37,-7.84,328.55,415.34,0,8,2006,4.5,-0.2,2.1,-1.7,2006,9,4.14625,5.478625,2006-09-01
81,2.214,10-2006,53.26,-6.11,318.16,405.67,0,9,2006,4.4,-0.1,1.3,-0.8,2006,10,5.002613636,5.942386364,2006-10-01
82,2.211,11-2006,52.42,-0.84,318.16,405.67,0,10,2006,4.5,0.1,2.0,0.7,2006,11,4.894761905,6.701190476,2006-11-01
83,2.28425,12-2006,55.03,2.61,318.16,405.67,0,11,2006,4.4,-0.1,2.5,0.5,2006,12,4.999375,6.636325,2006-12-01
84,2.1906,01-2007,49.32,-5.71,317.84,401.06,0,12,2006,4.6,0.2,2.1,-0.4,2007,1,4.67797619,7.014880952,2007-01-01
85,2.2345,02-2007,52.94,3.62,317.84,401.06,0,1,2007,4.5,-0.1,2.4,0.3,2007,2,4.661078947,7.582763158,2007-02-01
86,2.5025,03-2007,54.95,2.01,317.84,401.06,0,2,2007,4.4,-0.1,2.8,0.4,2007,3,4.651136364,7.6025,2007-03-01
87,2.7874,04-2007,58.2,3.25,325.39,402.97,0,3,2007,4.5,0.1,2.6,-0.2,2007,4,4.72345,7.3743,2007-04-01
88,3.11925,05-2007,58.9,0.7,325.39,402.97,0,4,2007,4.4,-0.1,2.7,0.1,2007,5,4.911363636,7.767272727000001,2007-05-01
89,3.02425,06-2007,62.35,3.45,325.39,402.97,0,5,2007,4.6,0.2,2.7,0.0,2007,6,5.7496666670000005,8.248071429,2007-06-01
90,2.9474,07-2007,69.23,6.88,325.26,401.71,0,6,2007,4.7,0.1,2.4,-0.3,2007,7,6.179285714,8.56247619,2007-07-01
91,2.77675,08-2007,67.77,-1.46,325.26,401.71,0,7,2007,4.6,-0.1,2.0,-0.4,2007,8,6.929086957000001,8.448695652,2007-08-01
92,2.8165,09-2007,73.27,5.5,325.26,401.71,0,8,2007,4.7,0.1,2.8,0.8,2007,9,8.673026316,9.526578947,2007-09-01
93,2.7912,10-2007,79.32,6.05,329.77,404.4,0,9,2007,4.7,0.0,3.5,0.7,2007,10,8.537391304,9.76873913,2007-10-01
94,3.06425,11-2007,87.16,7.84,329.77,404.4,0,10,2007,4.7,0.0,4.3,0.8,2007,11,7.948095238,10.65440476,2007-11-01
95,2.9838,12-2007,85.28,-1.88,329.77,404.4,1,11,2007,5.0,0.3,4.1,-0.2,2007,12,9.269125,11.530725,2007-12-01
96,3.01825,01-2008,87.06,1.78,333.29,404.13,1,12,2007,5.0,0.0,4.3,0.2,2008,1,9.238928571,12.61916667,2008-01-01
97,3.01575,02-2008,89.41,2.35,333.29,404.13,1,1,2008,4.9,-0.1,4.0,-0.3,2008,2,10.5895,13.846375,2008-02-01
98,3.2154,03-2008,98.44,9.03,333.29,404.13,1,2,2008,5.1,0.2,4.0,0.0,2008,3,11.0555,13.446375,2008-03-01
99,3.4205,04-2008,106.64,8.2,346.99,411.7,1,3,2008,5.0,-0.1,3.9,-0.1,2008,4,8.8235,13.19377273,2008-04-01
100,3.735,05-2008,118.55,11.91,346.99,411.7,1,4,2008,5.4,0.4,4.2,0.3,2008,5,7.853214286,13.43095238,2008-05-01
101,3.9894,06-2008,127.47,8.92,346.99,411.7,1,5,2008,5.6,0.2,5.0,0.8,2008,6,8.496452381000001,15.28864286,2008-06-01
102,4.0015,07-2008,128.08,0.61,346.38,406.24,1,6,2008,5.8,0.2,5.6,0.6,2008,7,8.175909091,14.76009091,2008-07-01
103,3.7395,08-2008,112.83,-15.25,346.38,406.24,1,7,2008,6.1,0.3,5.4,-0.2,2008,8,8.208595238,12.74578571,2008-08-01
104,3.7094,09-2008,98.5,-14.33,346.38,406.24,1,8,2008,6.1,0.0,4.9,-0.5,2008,9,7.279880952,11.51642857,2008-09-01
105,3.0095,10-2008,73.18,-25.32,345.42,416.91,1,9,2008,6.5,0.4,3.7,-1.2,2008,10,5.699130435,9.157978261,2008-10-01
106,2.0985,11-2008,53.67,-19.51,345.42,416.91,1,10,2008,6.8,0.3,1.1,-2.6,2008,11,5.353789474,8.889736842000001,2008-11-01
107,1.6688,12-2008,36.8,-16.87,345.42,416.91,1,11,2008,7.3,0.5,0.1,-1.0,2008,12,5.426022727,8.815477272999999,2008-12-01
108,1.77225,01-2009,35.0,-1.8,313.82,380.66,1,12,2008,7.8,0.5,0.0,-0.1,2009,1,5.888875,9.906,2009-01-01
109,1.89175,02-2009,34.14,-0.86,313.82,380.66,1,1,2009,8.3,0.5,0.2,0.2,2009,2,5.3567105260000005,9.177815789,2009-02-01
110,1.9374,03-2009,42.45,8.31,313.82,380.66,1,2,2009,8.7,0.4,-0.4,-0.6,2009,3,5.259886364,9.137045455,2009-03-01
111,2.02075,04-2009,45.19,2.74,301.82,362.27,1,3,2009,9.0,0.3,-0.7,-0.3,2009,4,5.275214286000001,10.30747619,2009-04-01
112,2.2395,05-2009,52.67,7.48,301.82,362.27,1,4,2009,9.4,0.4,-1.3,-0.6,2009,5,5.912999999999999,11.52675,2009-05-01
113,2.5968,06-2009,63.09,10.42,301.82,362.27,1,5,2009,9.5,0.1,-1.4,-0.1,2009,6,5.830613636,11.97868182,2009-06-01
114,2.47825,07-2009,60.44,-2.65,310.35,369.99,0,6,2009,9.5,0.0,-2.1,-0.7,2009,7,5.262159091,10.37727273,2009-07-01
115,2.5624,08-2009,65.28,4.84,310.35,369.99,0,7,2009,9.6,0.1,-1.5,0.6,2009,8,4.890928571,10.42316667,2009-08-01
116,2.48,09-2009,65.28,0,310.35,369.99,0,8,2009,9.8,0.2,-1.3,0.2,2009,9,4.633690476,9.256904762000001,2009-09-01
117,2.50025,10-2009,69.82,4.54,319.85,380.56,0,9,2009,10.0,0.2,-0.2,1.1,2009,10,4.965795455,9.75175,2009-10-01
118,2.6138,11-2009,71.99,2.17,319.85,380.56,0,10,2009,9.9,-0.1,1.8,2.0,2009,11,5.416475,10.158,2009-11-01
119,2.56775,12-2009,70.42,-1.57,319.85,380.56,0,11,2009,9.9,0.0,2.7,0.9,2009,12,5.420454545,10.34231818,2009-12-01
120,2.67825,01-2010,72.87,2.45,328.12,388.83,0,12,2009,9.8,-0.1,2.6,-0.1,2010,1,5.221184211000001,9.664736842,2010-01-01
121,2.60325,02-2010,72.74,-0.13,328.12,388.83,0,1,2010,9.8,0.0,2.1,-0.5,2010,2,4.902,9.437105263,2010-02-01
122,2.7418,03-2010,75.77,3.03,328.12,388.83,0,2,2010,9.9,0.1,2.3,0.2,2010,3,4.845,9.506304347999999,2010-03-01
123,2.8175,04-2010,78.8,3.03,340.72,401.86,0,3,2010,9.9,0.0,2.2,-0.1,2010,4,4.777857143,9.788380952,2010-04-01
124,2.7954,05-2010,70.91,-7.89,340.72,401.86,0,4,2010,9.6,-0.3,2.0,-0.2,2010,5,4.817125,9.48475,2010-05-01
125,2.6835,06-2010,70.77,-0.14,340.72,401.86,0,5,2010,9.4,-0.2,1.1,-0.9,2010,6,4.507863636000001,9.477977272999999,2010-06-01
126,2.67925,07-2010,71.37,0.6,336.09,396.03,0,6,2010,9.4,0.0,1.2,0.1,2010,7,5.706666667,10.01964286,2010-07-01
127,2.6832,08-2010,72.07,0.7,336.09,396.03,0,7,2010,9.5,0.1,1.1,-0.1,2010,8,6.901113636,10.21520455,2010-08-01
128,2.67825,09-2010,71.23,-0.84,336.09,396.03,0,8,2010,9.5,0.0,1.1,0.0,2010,9,7.184047618999999,10.69440476,2010-09-01
129,2.76625,10-2010,76.02,4.79,334.78,393.32,0,9,2010,9.4,-0.1,1.2,0.1,2010,10,6.865714286,11.806738099999999,2010-10-01
130,2.8148,11-2010,79.2,3.18,334.78,393.32,0,10,2010,9.8,0.4,1.1,-0.1,2010,11,6.7882142860000005,12.60809524,2010-11-01
131,2.95075,12-2010,83.98,4.78,334.78,393.32,0,11,2010,9.3,-0.5,1.5,0.4,2010,12,7.757159091,13.25922727,2010-12-01
132,3.0578,01-2011,85.66,1.68,355.72,412.7,0,12,2010,9.1,-0.2,1.6,0.1,2011,1,8.040625,14.017875,2011-01-01
133,3.16775,02-2011,86.69,1.03,355.72,412.7,0,1,2011,9.0,-0.1,2.1,0.5,2011,2,8.359789474,13.88626316,2011-02-01
134,3.50875,03-2011,99.19,12.5,355.72,412.7,0,2,2011,9.0,0.0,2.7,0.6,2011,3,7.453369565,13.60836957,2011-03-01
135,3.7455,04-2011,108.8,9.61,369.68,421.55,0,3,2011,9.1,0.1,3.2,0.5,2011,4,7.8116,13.640675,2011-04-01
136,3.8494,05-2011,102.46,-6.34,369.68,421.55,0,4,2011,9.0,-0.1,3.6,0.4,2011,5,7.816071429,13.59059524,2011-05-01
137,3.628,06-2011,97.3,-5.16,369.68,421.55,0,5,2011,9.1,0.1,3.6,0.0,2011,6,6.9855,13.52359091,2011-06-01
138,3.61425,07-2011,97.82,0.52,363.85,413.22,0,6,2011,9.0,-0.1,3.6,0.0,2011,7,6.74525,13.658675,2011-07-01
139,3.6118,08-2011,89.0,-8.82,363.85,413.22,0,7,2011,9.0,0.0,3.8,0.2,2011,8,7.21026087,13.70091304,2011-08-01
140,3.57325,09-2011,90.22,1.22,363.85,413.22,0,8,2011,9.0,0.0,3.9,0.1,2011,9,6.919761905,13.14345238,2011-09-01
141,3.4,10-2011,92.28,2.06,368.39,419.0,0,9,2011,8.8,-0.2,3.5,-0.4,2011,10,6.266071429,12.17971429,2011-10-01
142,3.3295,11-2011,100.18,7.9,368.39,419.0,0,10,2011,8.6,-0.2,3.4,-0.1,2011,11,6.142714286,11.64630952,2011-11-01
143,3.22,12-2011,98.71,-1.47,368.39,419.0,0,11,2011,8.5,-0.1,3.0,-0.4,2011,12,6.123095237999999,11.53307143,2011-12-01
144,3.3296,01-2012,98.99,0.28,372.83,418.62,0,12,2011,8.3,-0.2,2.9,-0.1,2012,1,6.305,12.03725,2012-01-01
145,3.5165,02-2012,102.04,3.05,372.83,418.62,0,1,2012,8.3,0.0,2.9,0.0,2012,2,6.4911,12.680425,2012-02-01
146,3.7735,03-2012,105.42,3.38,372.83,418.62,0,2,2012,8.2,-0.1,2.7,-0.2,2012,3,6.500340909,13.60659091,2012-03-01
147,3.8374,04-2012,103.62,-1.8,384.67,431.12,0,3,2012,8.2,0.0,2.3,-0.4,2012,4,6.31655,14.48395,2012-04-01
148,3.64325,05-2012,95.57,-8.05,384.67,431.12,0,4,2012,8.2,0.0,1.7,-0.6,2012,5,6.390227273,14.05079545,2012-05-01
149,3.4645,06-2012,83.59,-11.98,384.67,431.12,0,5,2012,8.2,0.0,1.7,0.0,2012,6,6.577095237999999,14.35540476,2012-06-01
150,3.3794,07-2012,86.1,2.51,374.77,417.17,0,6,2012,8.2,0.0,1.4,-0.3,2012,7,8.674642857,16.43038095,2012-07-01
151,3.668,08-2012,92.53,6.43,374.77,417.17,0,7,2012,8.1,-0.1,1.7,0.3,2012,8,8.786434782999999,16.91082609,2012-08-01
152,3.80075,09-2012,95.98,3.45,374.77,417.17,0,8,2012,7.8,-0.3,2.0,0.3,2012,9,8.867631579,16.5325,2012-09-01
153,3.6534,10-2012,92.24,-3.74,374.23,417.76,0,9,2012,7.8,0.0,2.2,0.2,2012,10,8.666630435,15.39132609,2012-10-01
154,3.38,11-2012,89.64,-2.6,374.23,417.76,0,10,2012,7.7,-0.1,1.8,-0.4,2012,11,8.631285714,14.40035714,2012-11-01
155,3.2564,12-2012,89.81,0.17,374.23,417.76,0,11,2012,7.9,0.2,1.7,-0.1,2012,12,8.154875,14.482325,2012-12-01
156,3.25475,01-2013,95.0,5.19,377.93,419.41,0,12,2012,8.0,0.1,1.6,-0.1,2013,1,7.682619047999999,14.27761905,2013-01-01
157,3.605,02-2013,95.01,0.01,377.93,419.41,0,1,2013,7.7,-0.3,2.0,0.4,2013,2,7.357815789,14.5475,2013-02-01
158,3.64775,03-2013,95.54,0.53,377.93,419.41,0,2,2013,7.5,-0.2,1.5,-0.5,2013,3,7.1395,14.39375,2013-03-01
159,3.5014,04-2013,94.41,-1.13,378.0,417.23,0,3,2013,7.6,0.1,1.1,-0.4,2013,4,6.99725,14.01809091,2013-04-01
160,3.5645,05-2013,94.75,0.34,378.0,417.23,0,4,2013,7.5,-0.1,1.4,0.3,2013,5,7.025909091,14.52306818,2013-05-01
161,3.576,06-2013,93.82,-0.93,378.0,417.23,0,5,2013,7.5,0.0,1.8,0.4,2013,6,6.887825,15.02965,2013-06-01
162,3.515,07-2013,101.41,7.59,382.0,420.06,0,6,2013,7.3,-0.2,2.0,0.2,2013,7,6.630909091,14.06131818,2013-07-01
163,3.51475,08-2013,102.96,1.55,382.0,420.06,0,7,2013,7.2,-0.1,1.5,-0.5,2013,8,6.424977273,13.09004545,2013-08-01
164,3.4738,09-2013,102.32,-0.64,382.0,420.06,0,8,2013,7.2,0.0,1.2,-0.3,2013,9,6.533875,13.339375,2013-09-01
165,3.28475,10-2013,96.18,-6.14,382.04,421.29,0,9,2013,7.2,0.0,1.0,-0.2,2013,10,6.889456522000001,12.84413043,2013-10-01
166,3.1860000000000004,11-2013,88.7,-7.48,382.04,421.29,0,10,2013,6.9,-0.3,1.2,0.2,2013,11,6.51775,12.998375,2013-11-01
167,3.2088,12-2013,91.85,3.15,382.04,421.29,0,11,2013,6.7,-0.2,1.5,0.3,2013,12,6.286785714,13.23404762,2013-12-01
168,3.25225,01-2014,89.57,-2.28,382.15,418.22,0,12,2013,6.6,-0.1,1.6,0.1,2014,1,5.764545455,12.89511364,2014-01-01
169,3.305,02-2014,96.86,7.29,382.15,418.22,0,1,2014,6.7,0.1,1.1,-0.5,2014,2,6.003175,13.7245,2014-02-01
170,3.4739999999999998,03-2014,96.17,-0.69,382.15,418.22,0,2,2014,6.7,0.0,1.5,0.4,2014,3,6.792738095,14.31952381,2014-03-01
171,3.59025,04-2014,96.49,0.32,395.62,427.91,0,3,2014,6.2,-0.5,2.0,0.5,2014,4,6.8353333329999995,14.86159524,2014-04-01
172,3.60075,05-2014,95.74,-0.75,395.62,427.91,0,4,2014,6.3,0.1,2.1,0.1,2014,5,6.863928571000001,14.84369048,2014-05-01
173,3.6258,06-2014,98.68,2.94,395.62,427.91,0,5,2014,6.1,-0.2,2.1,0.0,2014,6,5.9290714289999995,13.97409524,2014-06-01
174,3.5389999999999997,07-2014,96.7,-1.98,391.7,423.18,0,6,2014,6.2,0.1,2.0,-0.1,2014,7,5.421363636000001,11.74652273,2014-07-01
175,3.42525,08-2014,90.72,-5.98,391.7,423.18,0,7,2014,6.1,-0.1,1.7,-0.3,2014,8,5.477857143,10.84166667,2014-08-01
176,3.3536,09-2014,86.87,-3.85,391.7,423.18,0,8,2014,5.9,-0.2,1.7,0.0,2014,9,5.023095238,9.533214286,2014-09-01
177,3.11975,10-2014,78.84,-8.03,392.66,427.66,0,9,2014,5.7,-0.2,1.7,0.0,2014,10,5.112173913,9.820130435,2014-10-01
178,2.875,11-2014,71.07,-7.77,392.66,427.66,0,10,2014,5.8,0.1,1.3,-0.4,2014,11,5.4201842110000005,10.28552632,2014-11-01
179,2.4882,12-2014,54.86,-16.21,392.66,427.66,0,11,2014,5.6,-0.2,0.8,-0.5,2014,12,6.098863636,10.37768182,2014-12-01
180,2.04575,01-2015,43.06,-11.8,388.32,425.23,0,12,2014,5.7,0.1,-0.1,-0.9,2015,1,5.43425,9.8915,2015-01-01
181,2.1519999999999997,02-2015,44.35,1.29,388.32,425.23,0,1,2015,5.5,-0.2,0.0,0.1,2015,2,5.170421053,9.982736842000001,2015-02-01
182,2.3522,03-2015,42.66,-1.69,388.32,425.23,0,2,2015,5.4,-0.1,-0.1,-0.1,2015,3,5.068863636000001,9.770795455,2015-03-01
183,2.369,04-2015,49.3,6.64,385.91,417.56,0,3,2015,5.4,0.0,-0.2,-0.1,2015,4,5.023261905,9.704690476,2015-04-01
184,2.5775,05-2015,54.38,5.08,385.91,417.56,0,4,2015,5.6,0.2,0.0,0.2,2015,5,4.922125,9.4555,2015-05-01
185,2.7002,06-2015,55.88,1.5,385.91,417.56,0,5,2015,5.3,-0.3,0.1,0.1,2015,6,5.191636364,9.806795455,2015-06-01
186,2.6655,07-2015,47.7,-8.18,371.72,401.15,0,6,2015,5.2,-0.1,0.2,0.1,2015,7,5.469886364,9.947159091,2015-07-01
187,2.5216,08-2015,39.98,-7.72,371.72,401.15,0,7,2015,5.1,-0.1,0.2,0.0,2015,8,4.992571429,9.106142857,2015-08-01
188,2.275,09-2015,41.6,1.62,371.72,401.15,0,8,2015,5.0,-0.1,0.0,-0.2,2015,9,4.898928571,8.783690476,2015-09-01
189,2.23025,10-2015,42.34,0.74,365.39,396.11,0,9,2015,5.0,0.0,0.2,0.2,2015,10,5.069886363999999,8.904068182,2015-10-01
190,2.0882,11-2015,38.19,-4.15,365.39,396.11,0,10,2015,5.1,0.1,0.5,0.3,2015,11,4.967,8.7045,2015-11-01
191,1.946,12-2015,32.26,-5.93,365.39,396.11,0,11,2015,5.0,-0.1,0.7,0.2,2015,12,4.797159091,8.729340909,2015-12-01
192,1.8430000000000002,01-2016,27.02,-5.24,361.2,391.31,0,12,2015,4.9,-0.1,1.4,0.7,2016,1,4.731973684,8.77,2016-01-01
193,1.6812,02-2016,25.52,-1.5,361.2,391.31,0,1,2016,4.9,0.0,1.0,-0.4,2016,2,4.60985,8.691775,2016-02-01
194,1.89525,03-2016,31.87,6.35,361.2,391.31,0,2,2016,5.0,0.1,0.9,-0.1,2016,3,4.664772727,9.014431818,2016-03-01
195,2.0269999999999997,04-2016,35.59,3.72,350.66,375.49,0,3,2016,5.0,0.0,1.1,0.2,2016,4,4.71902381,9.864119048,2016-04-01
196,2.1994,05-2016,41.02,5.43,350.66,375.49,0,4,2016,4.8,-0.2,1.0,-0.1,2016,5,4.699285714,10.80190476,2016-05-01
197,2.30275,06-2016,43.96,2.94,350.66,375.49,0,5,2016,4.9,0.1,1.0,0.0,2016,6,4.765386363999999,11.42154545,2016-06-01
198,2.15725,07-2016,40.71,-3.25,343.98,367.12,0,6,2016,4.8,-0.1,0.8,-0.2,2016,7,4.25025,10.315425,2016-07-01
199,2.1194,08-2016,40.46,-0.25,343.98,367.12,0,7,2016,4.9,0.1,1.1,0.3,2016,8,4.0947173910000005,9.96576087,2016-08-01
200,2.161,09-2016,40.55,0.09,343.98,367.12,0,8,2016,5.0,0.1,1.5,0.4,2016,9,4.025238095,9.615714286000001,2016-09-01
201,2.1864,10-2016,45.0,4.45,346.72,369.22,0,9,2016,4.9,-0.1,1.6,0.1,2016,10,4.087738095,9.81502381,2016-10-01
202,2.10475,11-2016,41.65,-3.35,346.72,369.22,0,10,2016,4.7,-0.2,1.7,0.1,2016,11,4.055214286,10.16059524,2016-11-01
203,2.1919999999999997,12-2016,47.12,5.47,346.72,369.22,0,11,2016,4.7,0.0,2.1,0.4,2016,12,4.063571429,10.15964286,2016-12-01
204,2.2854,01-2017,48.19,1.07,351.85,371.74,0,12,2016,4.7,0.0,2.5,0.4,2017,1,4.24125,10.42675,2017-01-01
205,2.2265,02-2017,49.41,1.22,351.85,371.74,0,1,2017,4.6,-0.1,2.7,0.2,2017,2,4.394210526,10.39115789,2017-02-01
206,2.2430000000000003,03-2017,46.39,-3.02,351.85,371.74,0,2,2017,4.4,-0.2,2.4,-0.3,2017,3,4.357391304,9.834782609,2017-03-01
207,2.34,04-2017,47.23,0.84,355.91,374.0,0,3,2017,4.4,0.0,2.2,-0.2,2017,4,4.218052632,9.545578947000001,2017-04-01
208,2.3032,05-2017,45.19,-2.04,355.91,374.0,0,4,2017,4.4,0.0,1.9,-0.3,2017,5,4.347613636,9.478636364,2017-05-01
209,2.2565,06-2017,42.17,-3.02,355.91,374.0,0,5,2017,4.3,-0.1,1.6,-0.3,2017,6,4.550977273,9.368363636,2017-06-01
210,2.2108,07-2017,43.42,1.25,335.83,351.5,0,6,2017,4.3,0.0,1.7,0.1,2017,7,5.1225,9.9225,2017-07-01
211,2.2965,08-2017,44.96,1.54,335.83,351.5,0,7,2017,4.4,0.1,1.9,0.2,2017,8,4.311108696,9.432565217,2017-08-01
212,2.57025,09-2017,47.17,2.21,335.83,351.5,0,8,2017,4.2,-0.2,2.2,0.3,2017,9,4.462625,9.6515,2017-09-01
213,2.4296,10-2017,49.12,1.95,347.33,362.2,0,9,2017,4.1,-0.1,2.0,-0.2,2017,10,4.3481818180000005,9.821068182000001,2017-10-01
214,2.474,11-2017,55.19,6.07,347.33,362.2,0,10,2017,4.2,0.1,2.2,0.2,2017,11,4.242071429,9.899047619,2017-11-01
215,2.38825,12-2017,56.98,1.79,347.33,362.2,0,11,2017,4.1,-0.1,2.1,-0.1,2017,12,4.235,9.66495,2017-12-01
216,2.4672,01-2018,62.25,5.27,346.49,358.14,0,12,2017,4.1,0.0,2.1,0.0,2018,1,4.324880952,9.776547619,2018-01-01
217,2.488,02-2018,61.18,-1.07,346.49,358.14,0,1,2018,4.1,0.0,2.2,0.1,2018,2,4.569263158,10.31052632,2018-02-01
218,2.488,03-2018,60.68,-0.5,346.49,358.14,0,2,2018,4.0,-0.1,2.4,0.2,2018,3,4.763333333,10.35571429,2018-03-01
219,2.6519999999999997,04-2018,63.5,2.82,349.17,357.08,0,3,2018,4.0,0.0,2.5,0.1,2018,4,4.751904762,10.41859524,2018-04-01
220,2.8075,05-2018,66.16,2.66,349.17,357.08,0,4,2018,3.8,-0.2,2.8,0.3,2018,5,5.170227273,10.16568182,2018-05-01
221,2.8015,06-2018,62.8,-3.36,349.17,357.08,0,5,2018,4.0,0.2,2.9,0.1,2018,6,5.013547619,8.971380952,2018-06-01
222,2.7704,07-2018,67.0,4.2,343.28,350.06,0,6,2018,3.8,-0.2,2.9,0.0,2018,7,5.085833333,8.592428571000001,2018-07-01
223,2.76775,08-2018,62.64,-4.36,343.28,350.06,0,7,2018,3.8,0.0,2.7,-0.2,2018,8,5.406282609,8.56826087,2018-08-01
224,2.7685,09-2018,63.54,0.9,343.28,350.06,0,8,2018,3.7,-0.1,2.3,-0.4,2018,9,5.164605263,8.435526316,2018-09-01
225,2.7852,10-2018,65.18,1.64,359.3,366.6,0,9,2018,3.8,0.1,2.5,0.2,2018,10,5.112173913,8.648869565,2018-10-01
226,2.5610000000000004,11-2018,55.65,-9.53,359.3,366.6,0,10,2018,3.7,-0.1,2.2,-0.3,2018,11,5.0599047619999995,8.876547619,2018-11-01
227,2.263,12-2018,47.63,-8.02,359.3,366.6,0,11,2018,3.9,0.2,1.9,-0.3,2018,12,5.2135,9.019575,2018-12-01
228,2.145,01-2019,47.85,0.22,350.12,356.05,0,12,2018,4.0,0.1,1.6,-0.3,2019,1,5.167857143,9.141666667,2019-01-01
229,2.2225,02-2019,52.51,4.66,350.12,356.05,0,1,2019,3.8,-0.2,1.5,-0.1,2019,2,5.001684211000001,9.099,2019-02-01
230,2.443,03-2019,57.47,4.96,350.12,356.05,0,2,2019,3.8,0.0,1.9,0.4,2019,3,4.565714286,8.996785714,2019-03-01
231,2.694,04-2019,63.01,5.54,357.1,358.85,0,3,2019,3.6,-0.2,2.0,0.1,2019,4,4.513880952,8.726142857000001,2019-04-01
232,2.73125,05-2019,59.68,-3.33,357.1,358.85,0,4,2019,3.6,0.0,1.8,-0.2,2019,5,4.616590909,8.426590909,2019-05-01
233,2.60125,06-2019,54.22,-5.46,357.1,358.85,0,5,2019,3.7,0.1,1.6,-0.2,2019,6,5.248825,8.912325,2019-06-01
234,2.6404,07-2019,56.47,2.25,345.09,345.83,0,6,2019,3.7,0.0,1.8,0.2,2019,7,5.036136364,8.824522727,2019-07-01
235,2.521,08-2019,53.63,-2.84,345.09,345.83,0,7,2019,3.7,0.0,1.7,-0.1,2019,8,4.759818182,8.618409091,2019-08-01
236,2.4888,09-2019,55.07,1.44,345.09,345.83,0,8,2019,3.5,-0.2,1.7,0.0,2019,9,4.794875,8.93175,2019-09-01
237,2.49725,10-2019,53.14,-1.93,356.51,356.51,0,9,2019,3.6,0.1,1.8,0.1,2019,10,5.08,9.295608696,2019-10-01
238,2.48,11-2019,54.96,1.82,356.51,356.51,0,10,2019,3.5,-0.1,2.1,0.3,2019,11,5.157025,9.007875,2019-11-01
239,2.4692,12-2019,58.41,3.45,356.51,356.51,0,11,2019,3.5,0.0,2.3,0.2,2019,12,5.384285714,9.262071429,2019-12-01
